MSN,YYYYMM,Value,Column_Order,Description,Unit
ELEGPUS,197301,159.913,1,"Electricity Net Generation, Electric Power Sector",Billion Kilowatthours
ELEGPUS,197302,143.257,1,"Electricity Net Generation, Electric Power Sector",Billion Kilowatthours
ELEGPUS,197303,147.847,1,"Electricity Net Generation, Electric Power Sector",Billion Kilowatthours
ELEGPUS,197304,139.292,1,"Electricity Net Generation, Electric Power Sector",Billion Kilowatthours
ELEGPUS,197305,147.088,1,"Electricity Net Generation, Electric Power Sector",Billion Kilowatthours
ELEGPUS,197306,160.945,1,"Electricity Net Generation, Electric Power Sector",Billion Kilowatthours
ELEGPUS,197307,173.467,1,"Electricity Net Generation, Electric Power Sector",Billion Kilowatthours
ELEGPUS,197308,177.109,1,"Electricity Net Generation, Electric Power Sector",Billion Kilowatthours
ELEGPUS,197309,156.651,1,"Electricity Net Generation, Electric Power Sector",Billion Kilowatthours
ELEGPUS,197310,153.954,1,"Electricity Net Generation, Electric Power Sector",Billion Kilowatthours
ELEGPUS,197311,147.881,1,"Electricity Net Generation, Electric Power Sector",Billion Kilowatthours
ELEGPUS,197312,153.307,1,"Electricity Net Generation, Electric Power Sector",Billion Kilowatthours
ELEGPUS,197313,1860.71,1,"Electricity Net Generation, Electric Power Sector",Billion Kilowatthours
ELEGPUS,197401,157.254,1,"Electricity Net Generation, Electric Power Sector",Billion Kilowatthours
ELEGPUS,197402,142.474,1,"Electricity Net Generation, Electric Power Sector",Billion Kilowatthours
ELEGPUS,197403,150.048,1,"Electricity Net Generation, Electric Power Sector",Billion Kilowatthours
ELEGPUS,197404,142.021,1,"Electricity Net Generation, Electric Power Sector",Billion Kilowatthours
ELEGPUS,197405,153.513,1,"Electricity Net Generation, Electric Power Sector",Billion Kilowatthours
ELEGPUS,197406,156.161,1,"Electricity Net Generation, Electric Power Sector",Billion Kilowatthours
ELEGPUS,197407,177.992,1,"Electricity Net Generation, Electric Power Sector",Billion Kilowatthours
ELEGPUS,197408,173.879,1,"Electricity Net Generation, Electric Power Sector",Billion Kilowatthours
ELEGPUS,197409,152.239,1,"Electricity Net Generation, Electric Power Sector",Billion Kilowatthours
ELEGPUS,197410,151.978,1,"Electricity Net Generation, Electric Power Sector",Billion Kilowatthours
ELEGPUS,197411,149.844,1,"Electricity Net Generation, Electric Power Sector",Billion Kilowatthours
ELEGPUS,197412,159.737,1,"Electricity Net Generation, Electric Power Sector",Billion Kilowatthours
ELEGPUS,197413,1867.14,1,"Electricity Net Generation, Electric Power Sector",Billion Kilowatthours
ELEGPUS,197501,164.325,1,"Electricity Net Generation, Electric Power Sector",Billion Kilowatthours
ELEGPUS,197502,147.084,1,"Electricity Net Generation, Electric Power Sector",Billion Kilowatthours
ELEGPUS,197503,155.481,1,"Electricity Net Generation, Electric Power Sector",Billion Kilowatthours
ELEGPUS,197504,146.217,1,"Electricity Net Generation, Electric Power Sector",Billion Kilowatthours
ELEGPUS,197505,153.231,1,"Electricity Net Generation, Electric Power Sector",Billion Kilowatthours
ELEGPUS,197506,162.442,1,"Electricity Net Generation, Electric Power Sector",Billion Kilowatthours
ELEGPUS,197507,176.816,1,"Electricity Net Generation, Electric Power Sector",Billion Kilowatthours
ELEGPUS,197508,179.714,1,"Electricity Net Generation, Electric Power Sector",Billion Kilowatthours
ELEGPUS,197509,155.223,1,"Electricity Net Generation, Electric Power Sector",Billion Kilowatthours
ELEGPUS,197510,154.949,1,"Electricity Net Generation, Electric Power Sector",Billion Kilowatthours
ELEGPUS,197511,152.795,1,"Electricity Net Generation, Electric Power Sector",Billion Kilowatthours
ELEGPUS,197512,169.372,1,"Electricity Net Generation, Electric Power Sector",Billion Kilowatthours
ELEGPUS,197513,1917.649,1,"Electricity Net Generation, Electric Power Sector",Billion Kilowatthours
ELEGPUS,197601,178.329,1,"Electricity Net Generation, Electric Power Sector",Billion Kilowatthours
ELEGPUS,197602,156.684,1,"Electricity Net Generation, Electric Power Sector",Billion Kilowatthours
ELEGPUS,197603,164.174,1,"Electricity Net Generation, Electric Power Sector",Billion Kilowatthours
ELEGPUS,197604,153.167,1,"Electricity Net Generation, Electric Power Sector",Billion Kilowatthours
ELEGPUS,197605,157.37,1,"Electricity Net Generation, Electric Power Sector",Billion Kilowatthours
ELEGPUS,197606,173.392,1,"Electricity Net Generation, Electric Power Sector",Billion Kilowatthours
ELEGPUS,197607,186.434,1,"Electricity Net Generation, Electric Power Sector",Billion Kilowatthours
ELEGPUS,197608,186.403,1,"Electricity Net Generation, Electric Power Sector",Billion Kilowatthours
ELEGPUS,197609,165.035,1,"Electricity Net Generation, Electric Power Sector",Billion Kilowatthours
ELEGPUS,197610,163.746,1,"Electricity Net Generation, Electric Power Sector",Billion Kilowatthours
ELEGPUS,197611,169.085,1,"Electricity Net Generation, Electric Power Sector",Billion Kilowatthours
ELEGPUS,197612,183.877,1,"Electricity Net Generation, Electric Power Sector",Billion Kilowatthours
ELEGPUS,197613,2037.696,1,"Electricity Net Generation, Electric Power Sector",Billion Kilowatthours
ELEGPUS,197701,196.372,1,"Electricity Net Generation, Electric Power Sector",Billion Kilowatthours
ELEGPUS,197702,162.734,1,"Electricity Net Generation, Electric Power Sector",Billion Kilowatthours
ELEGPUS,197703,169.157,1,"Electricity Net Generation, Electric Power Sector",Billion Kilowatthours
ELEGPUS,197704,156.853,1,"Electricity Net Generation, Electric Power Sector",Billion Kilowatthours
ELEGPUS,197705,169.332,1,"Electricity Net Generation, Electric Power Sector",Billion Kilowatthours
ELEGPUS,197706,180.787,1,"Electricity Net Generation, Electric Power Sector",Billion Kilowatthours
ELEGPUS,197707,198.93,1,"Electricity Net Generation, Electric Power Sector",Billion Kilowatthours
ELEGPUS,197708,196.126,1,"Electricity Net Generation, Electric Power Sector",Billion Kilowatthours
ELEGPUS,197709,176.265,1,"Electricity Net Generation, Electric Power Sector",Billion Kilowatthours
ELEGPUS,197710,166.402,1,"Electricity Net Generation, Electric Power Sector",Billion Kilowatthours
ELEGPUS,197711,167.099,1,"Electricity Net Generation, Electric Power Sector",Billion Kilowatthours
ELEGPUS,197712,184.267,1,"Electricity Net Generation, Electric Power Sector",Billion Kilowatthours
ELEGPUS,197713,2124.323,1,"Electricity Net Generation, Electric Power Sector",Billion Kilowatthours
ELEGPUS,197801,197.835,1,"Electricity Net Generation, Electric Power Sector",Billion Kilowatthours
ELEGPUS,197802,173.504,1,"Electricity Net Generation, Electric Power Sector",Billion Kilowatthours
ELEGPUS,197803,173.193,1,"Electricity Net Generation, Electric Power Sector",Billion Kilowatthours
ELEGPUS,197804,159.738,1,"Electricity Net Generation, Electric Power Sector",Billion Kilowatthours
ELEGPUS,197805,175.236,1,"Electricity Net Generation, Electric Power Sector",Billion Kilowatthours
ELEGPUS,197806,188.312,1,"Electricity Net Generation, Electric Power Sector",Billion Kilowatthours
ELEGPUS,197807,202.682,1,"Electricity Net Generation, Electric Power Sector",Billion Kilowatthours
ELEGPUS,197808,206.418,1,"Electricity Net Generation, Electric Power Sector",Billion Kilowatthours
ELEGPUS,197809,185.572,1,"Electricity Net Generation, Electric Power Sector",Billion Kilowatthours
ELEGPUS,197810,175.802,1,"Electricity Net Generation, Electric Power Sector",Billion Kilowatthours
ELEGPUS,197811,176.172,1,"Electricity Net Generation, Electric Power Sector",Billion Kilowatthours
ELEGPUS,197812,191.865,1,"Electricity Net Generation, Electric Power Sector",Billion Kilowatthours
ELEGPUS,197813,2206.331,1,"Electricity Net Generation, Electric Power Sector",Billion Kilowatthours
ELEGPUS,197901,209.692,1,"Electricity Net Generation, Electric Power Sector",Billion Kilowatthours
ELEGPUS,197902,186.337,1,"Electricity Net Generation, Electric Power Sector",Billion Kilowatthours
ELEGPUS,197903,182.849,1,"Electricity Net Generation, Electric Power Sector",Billion Kilowatthours
ELEGPUS,197904,169.962,1,"Electricity Net Generation, Electric Power Sector",Billion Kilowatthours
ELEGPUS,197905,178.069,1,"Electricity Net Generation, Electric Power Sector",Billion Kilowatthours
ELEGPUS,197906,186.682,1,"Electricity Net Generation, Electric Power Sector",Billion Kilowatthours
ELEGPUS,197907,202.255,1,"Electricity Net Generation, Electric Power Sector",Billion Kilowatthours
ELEGPUS,197908,204.85,1,"Electricity Net Generation, Electric Power Sector",Billion Kilowatthours
ELEGPUS,197909,180.751,1,"Electricity Net Generation, Electric Power Sector",Billion Kilowatthours
ELEGPUS,197910,179.716,1,"Electricity Net Generation, Electric Power Sector",Billion Kilowatthours
ELEGPUS,197911,177.506,1,"Electricity Net Generation, Electric Power Sector",Billion Kilowatthours
ELEGPUS,197912,188.703,1,"Electricity Net Generation, Electric Power Sector",Billion Kilowatthours
ELEGPUS,197913,2247.372,1,"Electricity Net Generation, Electric Power Sector",Billion Kilowatthours
ELEGPUS,198001,200.005,1,"Electricity Net Generation, Electric Power Sector",Billion Kilowatthours
ELEGPUS,198002,188.715,1,"Electricity Net Generation, Electric Power Sector",Billion Kilowatthours
ELEGPUS,198003,187.464,1,"Electricity Net Generation, Electric Power Sector",Billion Kilowatthours
ELEGPUS,198004,168.72,1,"Electricity Net Generation, Electric Power Sector",Billion Kilowatthours
ELEGPUS,198005,175.734,1,"Electricity Net Generation, Electric Power Sector",Billion Kilowatthours
ELEGPUS,198006,189.43,1,"Electricity Net Generation, Electric Power Sector",Billion Kilowatthours
ELEGPUS,198007,216.776,1,"Electricity Net Generation, Electric Power Sector",Billion Kilowatthours
ELEGPUS,198008,215.393,1,"Electricity Net Generation, Electric Power Sector",Billion Kilowatthours
ELEGPUS,198009,191.485,1,"Electricity Net Generation, Electric Power Sector",Billion Kilowatthours
ELEGPUS,198010,178.555,1,"Electricity Net Generation, Electric Power Sector",Billion Kilowatthours
ELEGPUS,198011,178.55,1,"Electricity Net Generation, Electric Power Sector",Billion Kilowatthours
ELEGPUS,198012,195.613,1,"Electricity Net Generation, Electric Power Sector",Billion Kilowatthours
ELEGPUS,198013,2286.439,1,"Electricity Net Generation, Electric Power Sector",Billion Kilowatthours
ELEGPUS,198101,206.467,1,"Electricity Net Generation, Electric Power Sector",Billion Kilowatthours
ELEGPUS,198102,179.613,1,"Electricity Net Generation, Electric Power Sector",Billion Kilowatthours
ELEGPUS,198103,185.553,1,"Electricity Net Generation, Electric Power Sector",Billion Kilowatthours
ELEGPUS,198104,172.545,1,"Electricity Net Generation, Electric Power Sector",Billion Kilowatthours
ELEGPUS,198105,177.806,1,"Electricity Net Generation, Electric Power Sector",Billion Kilowatthours
ELEGPUS,198106,202.702,1,"Electricity Net Generation, Electric Power Sector",Billion Kilowatthours
ELEGPUS,198107,220.373,1,"Electricity Net Generation, Electric Power Sector",Billion Kilowatthours
ELEGPUS,198108,210.403,1,"Electricity Net Generation, Electric Power Sector",Billion Kilowatthours
ELEGPUS,198109,186.838,1,"Electricity Net Generation, Electric Power Sector",Billion Kilowatthours
ELEGPUS,198110,181.352,1,"Electricity Net Generation, Electric Power Sector",Billion Kilowatthours
ELEGPUS,198111,175.57,1,"Electricity Net Generation, Electric Power Sector",Billion Kilowatthours
ELEGPUS,198112,195.59,1,"Electricity Net Generation, Electric Power Sector",Billion Kilowatthours
ELEGPUS,198113,2294.812,1,"Electricity Net Generation, Electric Power Sector",Billion Kilowatthours
ELEGPUS,198201,209.403,1,"Electricity Net Generation, Electric Power Sector",Billion Kilowatthours
ELEGPUS,198202,180.299,1,"Electricity Net Generation, Electric Power Sector",Billion Kilowatthours
ELEGPUS,198203,187.687,1,"Electricity Net Generation, Electric Power Sector",Billion Kilowatthours
ELEGPUS,198204,172.58,1,"Electricity Net Generation, Electric Power Sector",Billion Kilowatthours
ELEGPUS,198205,177.147,1,"Electricity Net Generation, Electric Power Sector",Billion Kilowatthours
ELEGPUS,198206,186.128,1,"Electricity Net Generation, Electric Power Sector",Billion Kilowatthours
ELEGPUS,198207,210.584,1,"Electricity Net Generation, Electric Power Sector",Billion Kilowatthours
ELEGPUS,198208,205.656,1,"Electricity Net Generation, Electric Power Sector",Billion Kilowatthours
ELEGPUS,198209,180.662,1,"Electricity Net Generation, Electric Power Sector",Billion Kilowatthours
ELEGPUS,198210,172.966,1,"Electricity Net Generation, Electric Power Sector",Billion Kilowatthours
ELEGPUS,198211,173.377,1,"Electricity Net Generation, Electric Power Sector",Billion Kilowatthours
ELEGPUS,198212,184.722,1,"Electricity Net Generation, Electric Power Sector",Billion Kilowatthours
ELEGPUS,198213,2241.211,1,"Electricity Net Generation, Electric Power Sector",Billion Kilowatthours
ELEGPUS,198301,195.579,1,"Electricity Net Generation, Electric Power Sector",Billion Kilowatthours
ELEGPUS,198302,172.479,1,"Electricity Net Generation, Electric Power Sector",Billion Kilowatthours
ELEGPUS,198303,182.488,1,"Electricity Net Generation, Electric Power Sector",Billion Kilowatthours
ELEGPUS,198304,170.372,1,"Electricity Net Generation, Electric Power Sector",Billion Kilowatthours
ELEGPUS,198305,174.392,1,"Electricity Net Generation, Electric Power Sector",Billion Kilowatthours
ELEGPUS,198306,191.048,1,"Electricity Net Generation, Electric Power Sector",Billion Kilowatthours
ELEGPUS,198307,220.165,1,"Electricity Net Generation, Electric Power Sector",Billion Kilowatthours
ELEGPUS,198308,229.957,1,"Electricity Net Generation, Electric Power Sector",Billion Kilowatthours
ELEGPUS,198309,195.604,1,"Electricity Net Generation, Electric Power Sector",Billion Kilowatthours
ELEGPUS,198310,182.931,1,"Electricity Net Generation, Electric Power Sector",Billion Kilowatthours
ELEGPUS,198311,182.949,1,"Electricity Net Generation, Electric Power Sector",Billion Kilowatthours
ELEGPUS,198312,212.319,1,"Electricity Net Generation, Electric Power Sector",Billion Kilowatthours
ELEGPUS,198313,2310.285,1,"Electricity Net Generation, Electric Power Sector",Billion Kilowatthours
ELEGPUS,198401,216.632,1,"Electricity Net Generation, Electric Power Sector",Billion Kilowatthours
ELEGPUS,198402,189.564,1,"Electricity Net Generation, Electric Power Sector",Billion Kilowatthours
ELEGPUS,198403,200.107,1,"Electricity Net Generation, Electric Power Sector",Billion Kilowatthours
ELEGPUS,198404,181.084,1,"Electricity Net Generation, Electric Power Sector",Billion Kilowatthours
ELEGPUS,198405,192.217,1,"Electricity Net Generation, Electric Power Sector",Billion Kilowatthours
ELEGPUS,198406,209.648,1,"Electricity Net Generation, Electric Power Sector",Billion Kilowatthours
ELEGPUS,198407,221.245,1,"Electricity Net Generation, Electric Power Sector",Billion Kilowatthours
ELEGPUS,198408,229.296,1,"Electricity Net Generation, Electric Power Sector",Billion Kilowatthours
ELEGPUS,198409,195.198,1,"Electricity Net Generation, Electric Power Sector",Billion Kilowatthours
ELEGPUS,198410,190.936,1,"Electricity Net Generation, Electric Power Sector",Billion Kilowatthours
ELEGPUS,198411,190.38,1,"Electricity Net Generation, Electric Power Sector",Billion Kilowatthours
ELEGPUS,198412,199.996,1,"Electricity Net Generation, Electric Power Sector",Billion Kilowatthours
ELEGPUS,198413,2416.304,1,"Electricity Net Generation, Electric Power Sector",Billion Kilowatthours
ELEGPUS,198501,227.856,1,"Electricity Net Generation, Electric Power Sector",Billion Kilowatthours
ELEGPUS,198502,198.242,1,"Electricity Net Generation, Electric Power Sector",Billion Kilowatthours
ELEGPUS,198503,194.97,1,"Electricity Net Generation, Electric Power Sector",Billion Kilowatthours
ELEGPUS,198504,184.877,1,"Electricity Net Generation, Electric Power Sector",Billion Kilowatthours
ELEGPUS,198505,196.79,1,"Electricity Net Generation, Electric Power Sector",Billion Kilowatthours
ELEGPUS,198506,205.363,1,"Electricity Net Generation, Electric Power Sector",Billion Kilowatthours
ELEGPUS,198507,226.722,1,"Electricity Net Generation, Electric Power Sector",Billion Kilowatthours
ELEGPUS,198508,226.05,1,"Electricity Net Generation, Electric Power Sector",Billion Kilowatthours
ELEGPUS,198509,202.499,1,"Electricity Net Generation, Electric Power Sector",Billion Kilowatthours
ELEGPUS,198510,194.789,1,"Electricity Net Generation, Electric Power Sector",Billion Kilowatthours
ELEGPUS,198511,192.427,1,"Electricity Net Generation, Electric Power Sector",Billion Kilowatthours
ELEGPUS,198512,219.255,1,"Electricity Net Generation, Electric Power Sector",Billion Kilowatthours
ELEGPUS,198513,2469.841,1,"Electricity Net Generation, Electric Power Sector",Billion Kilowatthours
ELEGPUS,198601,217.47,1,"Electricity Net Generation, Electric Power Sector",Billion Kilowatthours
ELEGPUS,198602,192.336,1,"Electricity Net Generation, Electric Power Sector",Billion Kilowatthours
ELEGPUS,198603,196.834,1,"Electricity Net Generation, Electric Power Sector",Billion Kilowatthours
ELEGPUS,198604,186.074,1,"Electricity Net Generation, Electric Power Sector",Billion Kilowatthours
ELEGPUS,198605,197.315,1,"Electricity Net Generation, Electric Power Sector",Billion Kilowatthours
ELEGPUS,198606,215.015,1,"Electricity Net Generation, Electric Power Sector",Billion Kilowatthours
ELEGPUS,198607,242.672,1,"Electricity Net Generation, Electric Power Sector",Billion Kilowatthours
ELEGPUS,198608,225.166,1,"Electricity Net Generation, Electric Power Sector",Billion Kilowatthours
ELEGPUS,198609,206.692,1,"Electricity Net Generation, Electric Power Sector",Billion Kilowatthours
ELEGPUS,198610,197.754,1,"Electricity Net Generation, Electric Power Sector",Billion Kilowatthours
ELEGPUS,198611,196.432,1,"Electricity Net Generation, Electric Power Sector",Billion Kilowatthours
ELEGPUS,198612,213.551,1,"Electricity Net Generation, Electric Power Sector",Billion Kilowatthours
ELEGPUS,198613,2487.31,1,"Electricity Net Generation, Electric Power Sector",Billion Kilowatthours
ELEGPUS,198701,222.749,1,"Electricity Net Generation, Electric Power Sector",Billion Kilowatthours
ELEGPUS,198702,194.034,1,"Electricity Net Generation, Electric Power Sector",Billion Kilowatthours
ELEGPUS,198703,201.849,1,"Electricity Net Generation, Electric Power Sector",Billion Kilowatthours
ELEGPUS,198704,189.496,1,"Electricity Net Generation, Electric Power Sector",Billion Kilowatthours
ELEGPUS,198705,206.074,1,"Electricity Net Generation, Electric Power Sector",Billion Kilowatthours
ELEGPUS,198706,225.589,1,"Electricity Net Generation, Electric Power Sector",Billion Kilowatthours
ELEGPUS,198707,247.915,1,"Electricity Net Generation, Electric Power Sector",Billion Kilowatthours
ELEGPUS,198708,247.645,1,"Electricity Net Generation, Electric Power Sector",Billion Kilowatthours
ELEGPUS,198709,213.008,1,"Electricity Net Generation, Electric Power Sector",Billion Kilowatthours
ELEGPUS,198710,203.009,1,"Electricity Net Generation, Electric Power Sector",Billion Kilowatthours
ELEGPUS,198711,200.258,1,"Electricity Net Generation, Electric Power Sector",Billion Kilowatthours
ELEGPUS,198712,220.5,1,"Electricity Net Generation, Electric Power Sector",Billion Kilowatthours
ELEGPUS,198713,2572.127,1,"Electricity Net Generation, Electric Power Sector",Billion Kilowatthours
ELEGPUS,198801,237.897,1,"Electricity Net Generation, Electric Power Sector",Billion Kilowatthours
ELEGPUS,198802,216.937,1,"Electricity Net Generation, Electric Power Sector",Billion Kilowatthours
ELEGPUS,198803,214.013,1,"Electricity Net Generation, Electric Power Sector",Billion Kilowatthours
ELEGPUS,198804,196,1,"Electricity Net Generation, Electric Power Sector",Billion Kilowatthours
ELEGPUS,198805,208.371,1,"Electricity Net Generation, Electric Power Sector",Billion Kilowatthours
ELEGPUS,198806,232.747,1,"Electricity Net Generation, Electric Power Sector",Billion Kilowatthours
ELEGPUS,198807,257.461,1,"Electricity Net Generation, Electric Power Sector",Billion Kilowatthours
ELEGPUS,198808,267.693,1,"Electricity Net Generation, Electric Power Sector",Billion Kilowatthours
ELEGPUS,198809,220.179,1,"Electricity Net Generation, Electric Power Sector",Billion Kilowatthours
ELEGPUS,198810,210.608,1,"Electricity Net Generation, Electric Power Sector",Billion Kilowatthours
ELEGPUS,198811,209.593,1,"Electricity Net Generation, Electric Power Sector",Billion Kilowatthours
ELEGPUS,198812,232.752,1,"Electricity Net Generation, Electric Power Sector",Billion Kilowatthours
ELEGPUS,198813,2704.25,1,"Electricity Net Generation, Electric Power Sector",Billion Kilowatthours
ELEGPUS,198901,236.975,1,"Electricity Net Generation, Electric Power Sector",Billion Kilowatthours
ELEGPUS,198902,224.276,1,"Electricity Net Generation, Electric Power Sector",Billion Kilowatthours
ELEGPUS,198903,231.698,1,"Electricity Net Generation, Electric Power Sector",Billion Kilowatthours
ELEGPUS,198904,213.179,1,"Electricity Net Generation, Electric Power Sector",Billion Kilowatthours
ELEGPUS,198905,225.575,1,"Electricity Net Generation, Electric Power Sector",Billion Kilowatthours
ELEGPUS,198906,241.293,1,"Electricity Net Generation, Electric Power Sector",Billion Kilowatthours
ELEGPUS,198907,263.45,1,"Electricity Net Generation, Electric Power Sector",Billion Kilowatthours
ELEGPUS,198908,264.963,1,"Electricity Net Generation, Electric Power Sector",Billion Kilowatthours
ELEGPUS,198909,233.024,1,"Electricity Net Generation, Electric Power Sector",Billion Kilowatthours
ELEGPUS,198910,225.641,1,"Electricity Net Generation, Electric Power Sector",Billion Kilowatthours
ELEGPUS,198911,224.267,1,"Electricity Net Generation, Electric Power Sector",Billion Kilowatthours
ELEGPUS,198912,263.885,1,"Electricity Net Generation, Electric Power Sector",Billion Kilowatthours
ELEGPUS,198913,2848.227,1,"Electricity Net Generation, Electric Power Sector",Billion Kilowatthours
ELEGPUS,199001,243.779,1,"Electricity Net Generation, Electric Power Sector",Billion Kilowatthours
ELEGPUS,199002,218.83,1,"Electricity Net Generation, Electric Power Sector",Billion Kilowatthours
ELEGPUS,199003,233.252,1,"Electricity Net Generation, Electric Power Sector",Billion Kilowatthours
ELEGPUS,199004,218.373,1,"Electricity Net Generation, Electric Power Sector",Billion Kilowatthours
ELEGPUS,199005,230.832,1,"Electricity Net Generation, Electric Power Sector",Billion Kilowatthours
ELEGPUS,199006,258.176,1,"Electricity Net Generation, Electric Power Sector",Billion Kilowatthours
ELEGPUS,199007,275.71,1,"Electricity Net Generation, Electric Power Sector",Billion Kilowatthours
ELEGPUS,199008,278.19,1,"Electricity Net Generation, Electric Power Sector",Billion Kilowatthours
ELEGPUS,199009,246.662,1,"Electricity Net Generation, Electric Power Sector",Billion Kilowatthours
ELEGPUS,199010,232.783,1,"Electricity Net Generation, Electric Power Sector",Billion Kilowatthours
ELEGPUS,199011,220.509,1,"Electricity Net Generation, Electric Power Sector",Billion Kilowatthours
ELEGPUS,199012,244.224,1,"Electricity Net Generation, Electric Power Sector",Billion Kilowatthours
ELEGPUS,199013,2901.322,1,"Electricity Net Generation, Electric Power Sector",Billion Kilowatthours
ELEGPUS,199101,256.755,1,"Electricity Net Generation, Electric Power Sector",Billion Kilowatthours
ELEGPUS,199102,217.949,1,"Electricity Net Generation, Electric Power Sector",Billion Kilowatthours
ELEGPUS,199103,229.692,1,"Electricity Net Generation, Electric Power Sector",Billion Kilowatthours
ELEGPUS,199104,217.484,1,"Electricity Net Generation, Electric Power Sector",Billion Kilowatthours
ELEGPUS,199105,243.999,1,"Electricity Net Generation, Electric Power Sector",Billion Kilowatthours
ELEGPUS,199106,258.098,1,"Electricity Net Generation, Electric Power Sector",Billion Kilowatthours
ELEGPUS,199107,283.052,1,"Electricity Net Generation, Electric Power Sector",Billion Kilowatthours
ELEGPUS,199108,279.481,1,"Electricity Net Generation, Electric Power Sector",Billion Kilowatthours
ELEGPUS,199109,243.747,1,"Electricity Net Generation, Electric Power Sector",Billion Kilowatthours
ELEGPUS,199110,233.308,1,"Electricity Net Generation, Electric Power Sector",Billion Kilowatthours
ELEGPUS,199111,230.132,1,"Electricity Net Generation, Electric Power Sector",Billion Kilowatthours
ELEGPUS,199112,241.863,1,"Electricity Net Generation, Electric Power Sector",Billion Kilowatthours
ELEGPUS,199113,2935.561,1,"Electricity Net Generation, Electric Power Sector",Billion Kilowatthours
ELEGPUS,199201,254.276,1,"Electricity Net Generation, Electric Power Sector",Billion Kilowatthours
ELEGPUS,199202,227.67,1,"Electricity Net Generation, Electric Power Sector",Billion Kilowatthours
ELEGPUS,199203,235.536,1,"Electricity Net Generation, Electric Power Sector",Billion Kilowatthours
ELEGPUS,199204,221.761,1,"Electricity Net Generation, Electric Power Sector",Billion Kilowatthours
ELEGPUS,199205,231.471,1,"Electricity Net Generation, Electric Power Sector",Billion Kilowatthours
ELEGPUS,199206,248.93,1,"Electricity Net Generation, Electric Power Sector",Billion Kilowatthours
ELEGPUS,199207,280.489,1,"Electricity Net Generation, Electric Power Sector",Billion Kilowatthours
ELEGPUS,199208,268.665,1,"Electricity Net Generation, Electric Power Sector",Billion Kilowatthours
ELEGPUS,199209,247.35,1,"Electricity Net Generation, Electric Power Sector",Billion Kilowatthours
ELEGPUS,199210,232.239,1,"Electricity Net Generation, Electric Power Sector",Billion Kilowatthours
ELEGPUS,199211,231.404,1,"Electricity Net Generation, Electric Power Sector",Billion Kilowatthours
ELEGPUS,199212,254.585,1,"Electricity Net Generation, Electric Power Sector",Billion Kilowatthours
ELEGPUS,199213,2934.374,1,"Electricity Net Generation, Electric Power Sector",Billion Kilowatthours
ELEGPUS,199301,257.843,1,"Electricity Net Generation, Electric Power Sector",Billion Kilowatthours
ELEGPUS,199302,235.701,1,"Electricity Net Generation, Electric Power Sector",Billion Kilowatthours
ELEGPUS,199303,248.032,1,"Electricity Net Generation, Electric Power Sector",Billion Kilowatthours
ELEGPUS,199304,222.84,1,"Electricity Net Generation, Electric Power Sector",Billion Kilowatthours
ELEGPUS,199305,233.572,1,"Electricity Net Generation, Electric Power Sector",Billion Kilowatthours
ELEGPUS,199306,263.642,1,"Electricity Net Generation, Electric Power Sector",Billion Kilowatthours
ELEGPUS,199307,299.286,1,"Electricity Net Generation, Electric Power Sector",Billion Kilowatthours
ELEGPUS,199308,296.936,1,"Electricity Net Generation, Electric Power Sector",Billion Kilowatthours
ELEGPUS,199309,251.004,1,"Electricity Net Generation, Electric Power Sector",Billion Kilowatthours
ELEGPUS,199310,237.317,1,"Electricity Net Generation, Electric Power Sector",Billion Kilowatthours
ELEGPUS,199311,238.942,1,"Electricity Net Generation, Electric Power Sector",Billion Kilowatthours
ELEGPUS,199312,258.782,1,"Electricity Net Generation, Electric Power Sector",Billion Kilowatthours
ELEGPUS,199313,3043.897,1,"Electricity Net Generation, Electric Power Sector",Billion Kilowatthours
ELEGPUS,199401,274.862,1,"Electricity Net Generation, Electric Power Sector",Billion Kilowatthours
ELEGPUS,199402,236.341,1,"Electricity Net Generation, Electric Power Sector",Billion Kilowatthours
ELEGPUS,199403,244.742,1,"Electricity Net Generation, Electric Power Sector",Billion Kilowatthours
ELEGPUS,199404,228.071,1,"Electricity Net Generation, Electric Power Sector",Billion Kilowatthours
ELEGPUS,199405,241.149,1,"Electricity Net Generation, Electric Power Sector",Billion Kilowatthours
ELEGPUS,199406,281.196,1,"Electricity Net Generation, Electric Power Sector",Billion Kilowatthours
ELEGPUS,199407,296.942,1,"Electricity Net Generation, Electric Power Sector",Billion Kilowatthours
ELEGPUS,199408,293.669,1,"Electricity Net Generation, Electric Power Sector",Billion Kilowatthours
ELEGPUS,199409,253.377,1,"Electricity Net Generation, Electric Power Sector",Billion Kilowatthours
ELEGPUS,199410,243.158,1,"Electricity Net Generation, Electric Power Sector",Billion Kilowatthours
ELEGPUS,199411,238.846,1,"Electricity Net Generation, Electric Power Sector",Billion Kilowatthours
ELEGPUS,199412,256.37,1,"Electricity Net Generation, Electric Power Sector",Billion Kilowatthours
ELEGPUS,199413,3088.725,1,"Electricity Net Generation, Electric Power Sector",Billion Kilowatthours
ELEGPUS,199501,266.982,1,"Electricity Net Generation, Electric Power Sector",Billion Kilowatthours
ELEGPUS,199502,240.551,1,"Electricity Net Generation, Electric Power Sector",Billion Kilowatthours
ELEGPUS,199503,248.586,1,"Electricity Net Generation, Electric Power Sector",Billion Kilowatthours
ELEGPUS,199504,231.845,1,"Electricity Net Generation, Electric Power Sector",Billion Kilowatthours
ELEGPUS,199505,251.804,1,"Electricity Net Generation, Electric Power Sector",Billion Kilowatthours
ELEGPUS,199506,273.764,1,"Electricity Net Generation, Electric Power Sector",Billion Kilowatthours
ELEGPUS,199507,315.391,1,"Electricity Net Generation, Electric Power Sector",Billion Kilowatthours
ELEGPUS,199508,329.966,1,"Electricity Net Generation, Electric Power Sector",Billion Kilowatthours
ELEGPUS,199509,264.128,1,"Electricity Net Generation, Electric Power Sector",Billion Kilowatthours
ELEGPUS,199510,250.466,1,"Electricity Net Generation, Electric Power Sector",Billion Kilowatthours
ELEGPUS,199511,248.569,1,"Electricity Net Generation, Electric Power Sector",Billion Kilowatthours
ELEGPUS,199512,272.179,1,"Electricity Net Generation, Electric Power Sector",Billion Kilowatthours
ELEGPUS,199513,3194.23,1,"Electricity Net Generation, Electric Power Sector",Billion Kilowatthours
ELEGPUS,199601,283.164,1,"Electricity Net Generation, Electric Power Sector",Billion Kilowatthours
ELEGPUS,199602,258.386,1,"Electricity Net Generation, Electric Power Sector",Billion Kilowatthours
ELEGPUS,199603,261.97,1,"Electricity Net Generation, Electric Power Sector",Billion Kilowatthours
ELEGPUS,199604,240.062,1,"Electricity Net Generation, Electric Power Sector",Billion Kilowatthours
ELEGPUS,199605,269.65,1,"Electricity Net Generation, Electric Power Sector",Billion Kilowatthours
ELEGPUS,199606,289.121,1,"Electricity Net Generation, Electric Power Sector",Billion Kilowatthours
ELEGPUS,199607,313.189,1,"Electricity Net Generation, Electric Power Sector",Billion Kilowatthours
ELEGPUS,199608,314.253,1,"Electricity Net Generation, Electric Power Sector",Billion Kilowatthours
ELEGPUS,199609,269.833,1,"Electricity Net Generation, Electric Power Sector",Billion Kilowatthours
ELEGPUS,199610,257.615,1,"Electricity Net Generation, Electric Power Sector",Billion Kilowatthours
ELEGPUS,199611,255.681,1,"Electricity Net Generation, Electric Power Sector",Billion Kilowatthours
ELEGPUS,199612,271.216,1,"Electricity Net Generation, Electric Power Sector",Billion Kilowatthours
ELEGPUS,199613,3284.141,1,"Electricity Net Generation, Electric Power Sector",Billion Kilowatthours
ELEGPUS,199701,286.626,1,"Electricity Net Generation, Electric Power Sector",Billion Kilowatthours
ELEGPUS,199702,245.914,1,"Electricity Net Generation, Electric Power Sector",Billion Kilowatthours
ELEGPUS,199703,259.078,1,"Electricity Net Generation, Electric Power Sector",Billion Kilowatthours
ELEGPUS,199704,245.431,1,"Electricity Net Generation, Electric Power Sector",Billion Kilowatthours
ELEGPUS,199705,259.716,1,"Electricity Net Generation, Electric Power Sector",Billion Kilowatthours
ELEGPUS,199706,285.909,1,"Electricity Net Generation, Electric Power Sector",Billion Kilowatthours
ELEGPUS,199707,329.793,1,"Electricity Net Generation, Electric Power Sector",Billion Kilowatthours
ELEGPUS,199708,318.125,1,"Electricity Net Generation, Electric Power Sector",Billion Kilowatthours
ELEGPUS,199709,287.287,1,"Electricity Net Generation, Electric Power Sector",Billion Kilowatthours
ELEGPUS,199710,270.7,1,"Electricity Net Generation, Electric Power Sector",Billion Kilowatthours
ELEGPUS,199711,257.924,1,"Electricity Net Generation, Electric Power Sector",Billion Kilowatthours
ELEGPUS,199712,282.872,1,"Electricity Net Generation, Electric Power Sector",Billion Kilowatthours
ELEGPUS,199713,3329.375,1,"Electricity Net Generation, Electric Power Sector",Billion Kilowatthours
ELEGPUS,199801,281.337,1,"Electricity Net Generation, Electric Power Sector",Billion Kilowatthours
ELEGPUS,199802,248.634,1,"Electricity Net Generation, Electric Power Sector",Billion Kilowatthours
ELEGPUS,199803,273.664,1,"Electricity Net Generation, Electric Power Sector",Billion Kilowatthours
ELEGPUS,199804,248.57,1,"Electricity Net Generation, Electric Power Sector",Billion Kilowatthours
ELEGPUS,199805,286.065,1,"Electricity Net Generation, Electric Power Sector",Billion Kilowatthours
ELEGPUS,199806,315.857,1,"Electricity Net Generation, Electric Power Sector",Billion Kilowatthours
ELEGPUS,199807,346.861,1,"Electricity Net Generation, Electric Power Sector",Billion Kilowatthours
ELEGPUS,199808,341.973,1,"Electricity Net Generation, Electric Power Sector",Billion Kilowatthours
ELEGPUS,199809,304.726,1,"Electricity Net Generation, Electric Power Sector",Billion Kilowatthours
ELEGPUS,199810,270.862,1,"Electricity Net Generation, Electric Power Sector",Billion Kilowatthours
ELEGPUS,199811,254.7,1,"Electricity Net Generation, Electric Power Sector",Billion Kilowatthours
ELEGPUS,199812,284.166,1,"Electricity Net Generation, Electric Power Sector",Billion Kilowatthours
ELEGPUS,199813,3457.416,1,"Electricity Net Generation, Electric Power Sector",Billion Kilowatthours
ELEGPUS,199901,301.516,1,"Electricity Net Generation, Electric Power Sector",Billion Kilowatthours
ELEGPUS,199902,262.375,1,"Electricity Net Generation, Electric Power Sector",Billion Kilowatthours
ELEGPUS,199903,285.337,1,"Electricity Net Generation, Electric Power Sector",Billion Kilowatthours
ELEGPUS,199904,267.295,1,"Electricity Net Generation, Electric Power Sector",Billion Kilowatthours
ELEGPUS,199905,285.908,1,"Electricity Net Generation, Electric Power Sector",Billion Kilowatthours
ELEGPUS,199906,315.311,1,"Electricity Net Generation, Electric Power Sector",Billion Kilowatthours
ELEGPUS,199907,361.077,1,"Electricity Net Generation, Electric Power Sector",Billion Kilowatthours
ELEGPUS,199908,348.523,1,"Electricity Net Generation, Electric Power Sector",Billion Kilowatthours
ELEGPUS,199909,291.766,1,"Electricity Net Generation, Electric Power Sector",Billion Kilowatthours
ELEGPUS,199910,270.8,1,"Electricity Net Generation, Electric Power Sector",Billion Kilowatthours
ELEGPUS,199911,258.026,1,"Electricity Net Generation, Electric Power Sector",Billion Kilowatthours
ELEGPUS,199912,282.049,1,"Electricity Net Generation, Electric Power Sector",Billion Kilowatthours
ELEGPUS,199913,3529.982,1,"Electricity Net Generation, Electric Power Sector",Billion Kilowatthours
ELEGPUS,200001,315.035,1,"Electricity Net Generation, Electric Power Sector",Billion Kilowatthours
ELEGPUS,200002,281.3,1,"Electricity Net Generation, Electric Power Sector",Billion Kilowatthours
ELEGPUS,200003,288.212,1,"Electricity Net Generation, Electric Power Sector",Billion Kilowatthours
ELEGPUS,200004,272.47,1,"Electricity Net Generation, Electric Power Sector",Billion Kilowatthours
ELEGPUS,200005,309.092,1,"Electricity Net Generation, Electric Power Sector",Billion Kilowatthours
ELEGPUS,200006,325.431,1,"Electricity Net Generation, Electric Power Sector",Billion Kilowatthours
ELEGPUS,200007,342.104,1,"Electricity Net Generation, Electric Power Sector",Billion Kilowatthours
ELEGPUS,200008,353.254,1,"Electricity Net Generation, Electric Power Sector",Billion Kilowatthours
ELEGPUS,200009,298.835,1,"Electricity Net Generation, Electric Power Sector",Billion Kilowatthours
ELEGPUS,200010,275.711,1,"Electricity Net Generation, Electric Power Sector",Billion Kilowatthours
ELEGPUS,200011,271.325,1,"Electricity Net Generation, Electric Power Sector",Billion Kilowatthours
ELEGPUS,200012,304.761,1,"Electricity Net Generation, Electric Power Sector",Billion Kilowatthours
ELEGPUS,200013,3637.529,1,"Electricity Net Generation, Electric Power Sector",Billion Kilowatthours
ELEGPUS,200101,318.736,1,"Electricity Net Generation, Electric Power Sector",Billion Kilowatthours
ELEGPUS,200102,270.971,1,"Electricity Net Generation, Electric Power Sector",Billion Kilowatthours
ELEGPUS,200103,287.7,1,"Electricity Net Generation, Electric Power Sector",Billion Kilowatthours
ELEGPUS,200104,265.855,1,"Electricity Net Generation, Electric Power Sector",Billion Kilowatthours
ELEGPUS,200105,288.166,1,"Electricity Net Generation, Electric Power Sector",Billion Kilowatthours
ELEGPUS,200106,315.148,1,"Electricity Net Generation, Electric Power Sector",Billion Kilowatthours
ELEGPUS,200107,343.834,1,"Electricity Net Generation, Electric Power Sector",Billion Kilowatthours
ELEGPUS,200108,356.152,1,"Electricity Net Generation, Electric Power Sector",Billion Kilowatthours
ELEGPUS,200109,293.882,1,"Electricity Net Generation, Electric Power Sector",Billion Kilowatthours
ELEGPUS,200110,281.391,1,"Electricity Net Generation, Electric Power Sector",Billion Kilowatthours
ELEGPUS,200111,266.155,1,"Electricity Net Generation, Electric Power Sector",Billion Kilowatthours
ELEGPUS,200112,292.063,1,"Electricity Net Generation, Electric Power Sector",Billion Kilowatthours
ELEGPUS,200113,3580.053,1,"Electricity Net Generation, Electric Power Sector",Billion Kilowatthours
ELEGPUS,200201,306.171,1,"Electricity Net Generation, Electric Power Sector",Billion Kilowatthours
ELEGPUS,200202,269.476,1,"Electricity Net Generation, Electric Power Sector",Billion Kilowatthours
ELEGPUS,200203,289.322,1,"Electricity Net Generation, Electric Power Sector",Billion Kilowatthours
ELEGPUS,200204,277.126,1,"Electricity Net Generation, Electric Power Sector",Billion Kilowatthours
ELEGPUS,200205,294.517,1,"Electricity Net Generation, Electric Power Sector",Billion Kilowatthours
ELEGPUS,200206,327.553,1,"Electricity Net Generation, Electric Power Sector",Billion Kilowatthours
ELEGPUS,200207,366.98,1,"Electricity Net Generation, Electric Power Sector",Billion Kilowatthours
ELEGPUS,200208,360.351,1,"Electricity Net Generation, Electric Power Sector",Billion Kilowatthours
ELEGPUS,200209,317.976,1,"Electricity Net Generation, Electric Power Sector",Billion Kilowatthours
ELEGPUS,200210,294.096,1,"Electricity Net Generation, Electric Power Sector",Billion Kilowatthours
ELEGPUS,200211,283.374,1,"Electricity Net Generation, Electric Power Sector",Billion Kilowatthours
ELEGPUS,200212,311.516,1,"Electricity Net Generation, Electric Power Sector",Billion Kilowatthours
ELEGPUS,200213,3698.458,1,"Electricity Net Generation, Electric Power Sector",Billion Kilowatthours
ELEGPUS,200301,327.446,1,"Electricity Net Generation, Electric Power Sector",Billion Kilowatthours
ELEGPUS,200302,286.699,1,"Electricity Net Generation, Electric Power Sector",Billion Kilowatthours
ELEGPUS,200303,291.086,1,"Electricity Net Generation, Electric Power Sector",Billion Kilowatthours
ELEGPUS,200304,273.016,1,"Electricity Net Generation, Electric Power Sector",Billion Kilowatthours
ELEGPUS,200305,294.241,1,"Electricity Net Generation, Electric Power Sector",Billion Kilowatthours
ELEGPUS,200306,315.306,1,"Electricity Net Generation, Electric Power Sector",Billion Kilowatthours
ELEGPUS,200307,360.116,1,"Electricity Net Generation, Electric Power Sector",Billion Kilowatthours
ELEGPUS,200308,367.42,1,"Electricity Net Generation, Electric Power Sector",Billion Kilowatthours
ELEGPUS,200309,309.751,1,"Electricity Net Generation, Electric Power Sector",Billion Kilowatthours
ELEGPUS,200310,293.289,1,"Electricity Net Generation, Electric Power Sector",Billion Kilowatthours
ELEGPUS,200311,284.902,1,"Electricity Net Generation, Electric Power Sector",Billion Kilowatthours
ELEGPUS,200312,317.887,1,"Electricity Net Generation, Electric Power Sector",Billion Kilowatthours
ELEGPUS,200313,3721.159,1,"Electricity Net Generation, Electric Power Sector",Billion Kilowatthours
ELEGPUS,200401,332.296,1,"Electricity Net Generation, Electric Power Sector",Billion Kilowatthours
ELEGPUS,200402,301.278,1,"Electricity Net Generation, Electric Power Sector",Billion Kilowatthours
ELEGPUS,200403,295.508,1,"Electricity Net Generation, Electric Power Sector",Billion Kilowatthours
ELEGPUS,200404,277.603,1,"Electricity Net Generation, Electric Power Sector",Billion Kilowatthours
ELEGPUS,200405,313.916,1,"Electricity Net Generation, Electric Power Sector",Billion Kilowatthours
ELEGPUS,200406,331.531,1,"Electricity Net Generation, Electric Power Sector",Billion Kilowatthours
ELEGPUS,200407,362.932,1,"Electricity Net Generation, Electric Power Sector",Billion Kilowatthours
ELEGPUS,200408,354.509,1,"Electricity Net Generation, Electric Power Sector",Billion Kilowatthours
ELEGPUS,200409,322.329,1,"Electricity Net Generation, Electric Power Sector",Billion Kilowatthours
ELEGPUS,200410,299.476,1,"Electricity Net Generation, Electric Power Sector",Billion Kilowatthours
ELEGPUS,200411,289.208,1,"Electricity Net Generation, Electric Power Sector",Billion Kilowatthours
ELEGPUS,200412,327.775,1,"Electricity Net Generation, Electric Power Sector",Billion Kilowatthours
ELEGPUS,200413,3808.36,1,"Electricity Net Generation, Electric Power Sector",Billion Kilowatthours
ELEGPUS,200501,329.896,1,"Electricity Net Generation, Electric Power Sector",Billion Kilowatthours
ELEGPUS,200502,286.566,1,"Electricity Net Generation, Electric Power Sector",Billion Kilowatthours
ELEGPUS,200503,304.624,1,"Electricity Net Generation, Electric Power Sector",Billion Kilowatthours
ELEGPUS,200504,277.402,1,"Electricity Net Generation, Electric Power Sector",Billion Kilowatthours
ELEGPUS,200505,302.523,1,"Electricity Net Generation, Electric Power Sector",Billion Kilowatthours
ELEGPUS,200506,350.246,1,"Electricity Net Generation, Electric Power Sector",Billion Kilowatthours
ELEGPUS,200507,387.63,1,"Electricity Net Generation, Electric Power Sector",Billion Kilowatthours
ELEGPUS,200508,390.258,1,"Electricity Net Generation, Electric Power Sector",Billion Kilowatthours
ELEGPUS,200509,337.681,1,"Electricity Net Generation, Electric Power Sector",Billion Kilowatthours
ELEGPUS,200510,305.201,1,"Electricity Net Generation, Electric Power Sector",Billion Kilowatthours
ELEGPUS,200511,294.691,1,"Electricity Net Generation, Electric Power Sector",Billion Kilowatthours
ELEGPUS,200512,335.474,1,"Electricity Net Generation, Electric Power Sector",Billion Kilowatthours
ELEGPUS,200513,3902.192,1,"Electricity Net Generation, Electric Power Sector",Billion Kilowatthours
ELEGPUS,200601,315.254,1,"Electricity Net Generation, Electric Power Sector",Billion Kilowatthours
ELEGPUS,200602,295.333,1,"Electricity Net Generation, Electric Power Sector",Billion Kilowatthours
ELEGPUS,200603,306.041,1,"Electricity Net Generation, Electric Power Sector",Billion Kilowatthours
ELEGPUS,200604,285.788,1,"Electricity Net Generation, Electric Power Sector",Billion Kilowatthours
ELEGPUS,200605,317.522,1,"Electricity Net Generation, Electric Power Sector",Billion Kilowatthours
ELEGPUS,200606,351.36,1,"Electricity Net Generation, Electric Power Sector",Billion Kilowatthours
ELEGPUS,200607,396.263,1,"Electricity Net Generation, Electric Power Sector",Billion Kilowatthours
ELEGPUS,200608,393.589,1,"Electricity Net Generation, Electric Power Sector",Billion Kilowatthours
ELEGPUS,200609,319.181,1,"Electricity Net Generation, Electric Power Sector",Billion Kilowatthours
ELEGPUS,200610,308.218,1,"Electricity Net Generation, Electric Power Sector",Billion Kilowatthours
ELEGPUS,200611,296.571,1,"Electricity Net Generation, Electric Power Sector",Billion Kilowatthours
ELEGPUS,200612,322.957,1,"Electricity Net Generation, Electric Power Sector",Billion Kilowatthours
ELEGPUS,200613,3908.077,1,"Electricity Net Generation, Electric Power Sector",Billion Kilowatthours
ELEGPUS,200701,339.968,1,"Electricity Net Generation, Electric Power Sector",Billion Kilowatthours
ELEGPUS,200702,311.81,1,"Electricity Net Generation, Electric Power Sector",Billion Kilowatthours
ELEGPUS,200703,308.331,1,"Electricity Net Generation, Electric Power Sector",Billion Kilowatthours
ELEGPUS,200704,291.254,1,"Electricity Net Generation, Electric Power Sector",Billion Kilowatthours
ELEGPUS,200705,317.826,1,"Electricity Net Generation, Electric Power Sector",Billion Kilowatthours
ELEGPUS,200706,350.339,1,"Electricity Net Generation, Electric Power Sector",Billion Kilowatthours
ELEGPUS,200707,379.914,1,"Electricity Net Generation, Electric Power Sector",Billion Kilowatthours
ELEGPUS,200708,407.865,1,"Electricity Net Generation, Electric Power Sector",Billion Kilowatthours
ELEGPUS,200709,342.713,1,"Electricity Net Generation, Electric Power Sector",Billion Kilowatthours
ELEGPUS,200710,319.83,1,"Electricity Net Generation, Electric Power Sector",Billion Kilowatthours
ELEGPUS,200711,301.907,1,"Electricity Net Generation, Electric Power Sector",Billion Kilowatthours
ELEGPUS,200712,333.586,1,"Electricity Net Generation, Electric Power Sector",Billion Kilowatthours
ELEGPUS,200713,4005.343,1,"Electricity Net Generation, Electric Power Sector",Billion Kilowatthours
ELEGPUS,200801,349.836,1,"Electricity Net Generation, Electric Power Sector",Billion Kilowatthours
ELEGPUS,200802,313.292,1,"Electricity Net Generation, Electric Power Sector",Billion Kilowatthours
ELEGPUS,200803,312.41,1,"Electricity Net Generation, Electric Power Sector",Billion Kilowatthours
ELEGPUS,200804,294.203,1,"Electricity Net Generation, Electric Power Sector",Billion Kilowatthours
ELEGPUS,200805,313.216,1,"Electricity Net Generation, Electric Power Sector",Billion Kilowatthours
ELEGPUS,200806,360.612,1,"Electricity Net Generation, Electric Power Sector",Billion Kilowatthours
ELEGPUS,200807,389.318,1,"Electricity Net Generation, Electric Power Sector",Billion Kilowatthours
ELEGPUS,200808,375.612,1,"Electricity Net Generation, Electric Power Sector",Billion Kilowatthours
ELEGPUS,200809,327.021,1,"Electricity Net Generation, Electric Power Sector",Billion Kilowatthours
ELEGPUS,200810,306.769,1,"Electricity Net Generation, Electric Power Sector",Billion Kilowatthours
ELEGPUS,200811,299.222,1,"Electricity Net Generation, Electric Power Sector",Billion Kilowatthours
ELEGPUS,200812,332.839,1,"Electricity Net Generation, Electric Power Sector",Billion Kilowatthours
ELEGPUS,200813,3974.349,1,"Electricity Net Generation, Electric Power Sector",Billion Kilowatthours
ELEGPUS,200901,343.516,1,"Electricity Net Generation, Electric Power Sector",Billion Kilowatthours
ELEGPUS,200902,290.221,1,"Electricity Net Generation, Electric Power Sector",Billion Kilowatthours
ELEGPUS,200903,299.257,1,"Electricity Net Generation, Electric Power Sector",Billion Kilowatthours
ELEGPUS,200904,278.994,1,"Electricity Net Generation, Electric Power Sector",Billion Kilowatthours
ELEGPUS,200905,300.496,1,"Electricity Net Generation, Electric Power Sector",Billion Kilowatthours
ELEGPUS,200906,336.011,1,"Electricity Net Generation, Electric Power Sector",Billion Kilowatthours
ELEGPUS,200907,359.842,1,"Electricity Net Generation, Electric Power Sector",Billion Kilowatthours
ELEGPUS,200908,368.139,1,"Electricity Net Generation, Electric Power Sector",Billion Kilowatthours
ELEGPUS,200909,315.163,1,"Electricity Net Generation, Electric Power Sector",Billion Kilowatthours
ELEGPUS,200910,295.093,1,"Electricity Net Generation, Electric Power Sector",Billion Kilowatthours
ELEGPUS,200911,285.012,1,"Electricity Net Generation, Electric Power Sector",Billion Kilowatthours
ELEGPUS,200912,338.095,1,"Electricity Net Generation, Electric Power Sector",Billion Kilowatthours
ELEGPUS,200913,3809.837,1,"Electricity Net Generation, Electric Power Sector",Billion Kilowatthours
ELEGPUS,201001,348.128,1,"Electricity Net Generation, Electric Power Sector",Billion Kilowatthours
ELEGPUS,201002,307.994,1,"Electricity Net Generation, Electric Power Sector",Billion Kilowatthours
ELEGPUS,201003,299.571,1,"Electricity Net Generation, Electric Power Sector",Billion Kilowatthours
ELEGPUS,201004,276.121,1,"Electricity Net Generation, Electric Power Sector",Billion Kilowatthours
ELEGPUS,201005,315.656,1,"Electricity Net Generation, Electric Power Sector",Billion Kilowatthours
ELEGPUS,201006,362.985,1,"Electricity Net Generation, Electric Power Sector",Billion Kilowatthours
ELEGPUS,201007,396.195,1,"Electricity Net Generation, Electric Power Sector",Billion Kilowatthours
ELEGPUS,201008,394.651,1,"Electricity Net Generation, Electric Power Sector",Billion Kilowatthours
ELEGPUS,201009,333.057,1,"Electricity Net Generation, Electric Power Sector",Billion Kilowatthours
ELEGPUS,201010,295.646,1,"Electricity Net Generation, Electric Power Sector",Billion Kilowatthours
ELEGPUS,201011,293.833,1,"Electricity Net Generation, Electric Power Sector",Billion Kilowatthours
ELEGPUS,201012,348.549,1,"Electricity Net Generation, Electric Power Sector",Billion Kilowatthours
ELEGPUS,201013,3972.386,1,"Electricity Net Generation, Electric Power Sector",Billion Kilowatthours
ELEGPUS,201101,350.001,1,"Electricity Net Generation, Electric Power Sector",Billion Kilowatthours
ELEGPUS,201102,301.632,1,"Electricity Net Generation, Electric Power Sector",Billion Kilowatthours
ELEGPUS,201103,306.808,1,"Electricity Net Generation, Electric Power Sector",Billion Kilowatthours
ELEGPUS,201104,290.519,1,"Electricity Net Generation, Electric Power Sector",Billion Kilowatthours
ELEGPUS,201105,311.403,1,"Electricity Net Generation, Electric Power Sector",Billion Kilowatthours
ELEGPUS,201106,354.929,1,"Electricity Net Generation, Electric Power Sector",Billion Kilowatthours
ELEGPUS,201107,404.802,1,"Electricity Net Generation, Electric Power Sector",Billion Kilowatthours
ELEGPUS,201108,392.441,1,"Electricity Net Generation, Electric Power Sector",Billion Kilowatthours
ELEGPUS,201109,325.113,1,"Electricity Net Generation, Electric Power Sector",Billion Kilowatthours
ELEGPUS,201110,296.676,1,"Electricity Net Generation, Electric Power Sector",Billion Kilowatthours
ELEGPUS,201111,291.639,1,"Electricity Net Generation, Electric Power Sector",Billion Kilowatthours
ELEGPUS,201112,322.225,1,"Electricity Net Generation, Electric Power Sector",Billion Kilowatthours
ELEGPUS,201113,3948.186,1,"Electricity Net Generation, Electric Power Sector",Billion Kilowatthours
ELEGPUS,201201,326.186,1,"Electricity Net Generation, Electric Power Sector",Billion Kilowatthours
ELEGPUS,201202,296.79,1,"Electricity Net Generation, Electric Power Sector",Billion Kilowatthours
ELEGPUS,201203,296.498,1,"Electricity Net Generation, Electric Power Sector",Billion Kilowatthours
ELEGPUS,201204,283.182,1,"Electricity Net Generation, Electric Power Sector",Billion Kilowatthours
ELEGPUS,201205,323.599,1,"Electricity Net Generation, Electric Power Sector",Billion Kilowatthours
ELEGPUS,201206,347.76,1,"Electricity Net Generation, Electric Power Sector",Billion Kilowatthours
ELEGPUS,201207,400.315,1,"Electricity Net Generation, Electric Power Sector",Billion Kilowatthours
ELEGPUS,201208,381.494,1,"Electricity Net Generation, Electric Power Sector",Billion Kilowatthours
ELEGPUS,201209,321.586,1,"Electricity Net Generation, Electric Power Sector",Billion Kilowatthours
ELEGPUS,201210,298.905,1,"Electricity Net Generation, Electric Power Sector",Billion Kilowatthours
ELEGPUS,201211,293.046,1,"Electricity Net Generation, Electric Power Sector",Billion Kilowatthours
ELEGPUS,201212,320.996,1,"Electricity Net Generation, Electric Power Sector",Billion Kilowatthours
ELEGPUS,201213,3890.358,1,"Electricity Net Generation, Electric Power Sector",Billion Kilowatthours
ELEGPUS,201301,335.062,1,"Electricity Net Generation, Electric Power Sector",Billion Kilowatthours
ELEGPUS,201302,297.198,1,"Electricity Net Generation, Electric Power Sector",Billion Kilowatthours
ELEGPUS,201303,311.828,1,"Electricity Net Generation, Electric Power Sector",Billion Kilowatthours
ELEGPUS,201304,286.807,1,"Electricity Net Generation, Electric Power Sector",Billion Kilowatthours
ELEGPUS,201305,309.028,1,"Electricity Net Generation, Electric Power Sector",Billion Kilowatthours
ELEGPUS,201306,343.286,1,"Electricity Net Generation, Electric Power Sector",Billion Kilowatthours
ELEGPUS,201307,380.108,1,"Electricity Net Generation, Electric Power Sector",Billion Kilowatthours
ELEGPUS,201308,370.943,1,"Electricity Net Generation, Electric Power Sector",Billion Kilowatthours
ELEGPUS,201309,327.638,1,"Electricity Net Generation, Electric Power Sector",Billion Kilowatthours
ELEGPUS,201310,301.782,1,"Electricity Net Generation, Electric Power Sector",Billion Kilowatthours
ELEGPUS,201311,301.287,1,"Electricity Net Generation, Electric Power Sector",Billion Kilowatthours
ELEGPUS,201312,338.748,1,"Electricity Net Generation, Electric Power Sector",Billion Kilowatthours
ELEGPUS,201313,3903.715,1,"Electricity Net Generation, Electric Power Sector",Billion Kilowatthours
ELEGPUS,201401,363.645,1,"Electricity Net Generation, Electric Power Sector",Billion Kilowatthours
ELEGPUS,201402,312.276,1,"Electricity Net Generation, Electric Power Sector",Billion Kilowatthours
ELEGPUS,201403,318.914,1,"Electricity Net Generation, Electric Power Sector",Billion Kilowatthours
ELEGPUS,201404,285.453,1,"Electricity Net Generation, Electric Power Sector",Billion Kilowatthours
ELEGPUS,201405,312.072,1,"Electricity Net Generation, Electric Power Sector",Billion Kilowatthours
ELEGPUS,201406,344.988,1,"Electricity Net Generation, Electric Power Sector",Billion Kilowatthours
ELEGPUS,201407,371.817,1,"Electricity Net Generation, Electric Power Sector",Billion Kilowatthours
ELEGPUS,201408,370.304,1,"Electricity Net Generation, Electric Power Sector",Billion Kilowatthours
ELEGPUS,201409,326.756,1,"Electricity Net Generation, Electric Power Sector",Billion Kilowatthours
ELEGPUS,201410,301.847,1,"Electricity Net Generation, Electric Power Sector",Billion Kilowatthours
ELEGPUS,201411,304.738,1,"Electricity Net Generation, Electric Power Sector",Billion Kilowatthours
ELEGPUS,201412,324.193,1,"Electricity Net Generation, Electric Power Sector",Billion Kilowatthours
ELEGPUS,201413,3937.003,1,"Electricity Net Generation, Electric Power Sector",Billion Kilowatthours
ELEGPUS,201501,346.758,1,"Electricity Net Generation, Electric Power Sector",Billion Kilowatthours
ELEGPUS,201502,322.473,1,"Electricity Net Generation, Electric Power Sector",Billion Kilowatthours
ELEGPUS,201503,311.741,1,"Electricity Net Generation, Electric Power Sector",Billion Kilowatthours
ELEGPUS,201504,282.197,1,"Electricity Net Generation, Electric Power Sector",Billion Kilowatthours
ELEGPUS,201505,309.552,1,"Electricity Net Generation, Electric Power Sector",Billion Kilowatthours
ELEGPUS,201506,349.067,1,"Electricity Net Generation, Electric Power Sector",Billion Kilowatthours
ELEGPUS,201507,385.889,1,"Electricity Net Generation, Electric Power Sector",Billion Kilowatthours
ELEGPUS,201508,377.856,1,"Electricity Net Generation, Electric Power Sector",Billion Kilowatthours
ELEGPUS,201509,336.618,1,"Electricity Net Generation, Electric Power Sector",Billion Kilowatthours
ELEGPUS,201510,299.168,1,"Electricity Net Generation, Electric Power Sector",Billion Kilowatthours
ELEGPUS,201511,287.551,1,"Electricity Net Generation, Electric Power Sector",Billion Kilowatthours
ELEGPUS,201512,310.423,1,"Electricity Net Generation, Electric Power Sector",Billion Kilowatthours
ELEGPUS,201513,3919.294,1,"Electricity Net Generation, Electric Power Sector",Billion Kilowatthours
ELEGPUS,201601,339.2,1,"Electricity Net Generation, Electric Power Sector",Billion Kilowatthours
ELEGPUS,201602,301.122,1,"Electricity Net Generation, Electric Power Sector",Billion Kilowatthours
ELEGPUS,201603,291.262,1,"Electricity Net Generation, Electric Power Sector",Billion Kilowatthours
ELEGPUS,201604,280.548,1,"Electricity Net Generation, Electric Power Sector",Billion Kilowatthours
ELEGPUS,201605,303.879,1,"Electricity Net Generation, Electric Power Sector",Billion Kilowatthours
ELEGPUS,201606,354.445,1,"Electricity Net Generation, Electric Power Sector",Billion Kilowatthours
ELEGPUS,201607,397.635,1,"Electricity Net Generation, Electric Power Sector",Billion Kilowatthours
ELEGPUS,201608,395.328,1,"Electricity Net Generation, Electric Power Sector",Billion Kilowatthours
ELEGPUS,201609,338.26,1,"Electricity Net Generation, Electric Power Sector",Billion Kilowatthours
ELEGPUS,201610,300.073,1,"Electricity Net Generation, Electric Power Sector",Billion Kilowatthours
ELEGPUS,201611,284.282,1,"Electricity Net Generation, Electric Power Sector",Billion Kilowatthours
ELEGPUS,201612,332.044,1,"Electricity Net Generation, Electric Power Sector",Billion Kilowatthours
ELEGPUS,201613,3918.078,1,"Electricity Net Generation, Electric Power Sector",Billion Kilowatthours
ELEGPUS,201701,330.859,1,"Electricity Net Generation, Electric Power Sector",Billion Kilowatthours
ELEGPUS,201702,278.904,1,"Electricity Net Generation, Electric Power Sector",Billion Kilowatthours
ELEGPUS,201703,306.382,1,"Electricity Net Generation, Electric Power Sector",Billion Kilowatthours
ELEGPUS,201704,282.899,1,"Electricity Net Generation, Electric Power Sector",Billion Kilowatthours
ELEGPUS,201705,310.703,1,"Electricity Net Generation, Electric Power Sector",Billion Kilowatthours
ELEGPUS,201706,345.241,1,"Electricity Net Generation, Electric Power Sector",Billion Kilowatthours
ELEGPUS,201707,390.294,1,"Electricity Net Generation, Electric Power Sector",Billion Kilowatthours
ELEGPUS,201708,370.794,1,"Electricity Net Generation, Electric Power Sector",Billion Kilowatthours
ELEGPUS,201709,323.472,1,"Electricity Net Generation, Electric Power Sector",Billion Kilowatthours
ELEGPUS,201710,306.085,1,"Electricity Net Generation, Electric Power Sector",Billion Kilowatthours
ELEGPUS,201711,295.315,1,"Electricity Net Generation, Electric Power Sector",Billion Kilowatthours
ELEGPUS,201712,336.505,1,"Electricity Net Generation, Electric Power Sector",Billion Kilowatthours
ELEGPUS,201713,3877.453,1,"Electricity Net Generation, Electric Power Sector",Billion Kilowatthours
ELEGPUS,201801,359.449,1,"Electricity Net Generation, Electric Power Sector",Billion Kilowatthours
ELEGPUS,201802,294.633,1,"Electricity Net Generation, Electric Power Sector",Billion Kilowatthours
ELEGPUS,201803,308.747,1,"Electricity Net Generation, Electric Power Sector",Billion Kilowatthours
ELEGPUS,201804,288.509,1,"Electricity Net Generation, Electric Power Sector",Billion Kilowatthours
ELEGPUS,201805,325.905,1,"Electricity Net Generation, Electric Power Sector",Billion Kilowatthours
ELEGPUS,201806,358.523,1,"Electricity Net Generation, Electric Power Sector",Billion Kilowatthours
ELEGPUS,201807,396.854,1,"Electricity Net Generation, Electric Power Sector",Billion Kilowatthours
ELEGPUS,201808,393.497,1,"Electricity Net Generation, Electric Power Sector",Billion Kilowatthours
ELEGPUS,201809,342.917,1,"Electricity Net Generation, Electric Power Sector",Billion Kilowatthours
ELEGPUS,201810,311.75,1,"Electricity Net Generation, Electric Power Sector",Billion Kilowatthours
ELEGPUS,201811,309.062,1,"Electricity Net Generation, Electric Power Sector",Billion Kilowatthours
ELEGPUS,201812,328.32,1,"Electricity Net Generation, Electric Power Sector",Billion Kilowatthours
ELEGPUS,201813,4018.167,1,"Electricity Net Generation, Electric Power Sector",Billion Kilowatthours
ELEGPUS,201901,345.324,1,"Electricity Net Generation, Electric Power Sector",Billion Kilowatthours
ELEGPUS,201902,302.635,1,"Electricity Net Generation, Electric Power Sector",Billion Kilowatthours
ELEGPUS,201903,313.385,1,"Electricity Net Generation, Electric Power Sector",Billion Kilowatthours
ELEGPUS,201904,284.309,1,"Electricity Net Generation, Electric Power Sector",Billion Kilowatthours
ELEGPUS,201905,317.498,1,"Electricity Net Generation, Electric Power Sector",Billion Kilowatthours
ELEGPUS,201906,339.709,1,"Electricity Net Generation, Electric Power Sector",Billion Kilowatthours
ELEGPUS,201907,395.547,1,"Electricity Net Generation, Electric Power Sector",Billion Kilowatthours
ELEGPUS,201908,386.904,1,"Electricity Net Generation, Electric Power Sector",Billion Kilowatthours
ELEGPUS,201909,346.894,1,"Electricity Net Generation, Electric Power Sector",Billion Kilowatthours
ELEGPUS,201910,306.999,1,"Electricity Net Generation, Electric Power Sector",Billion Kilowatthours
ELEGPUS,201911,302.253,1,"Electricity Net Generation, Electric Power Sector",Billion Kilowatthours
ELEGPUS,201912,324.174,1,"Electricity Net Generation, Electric Power Sector",Billion Kilowatthours
ELEGPUS,201913,3965.629,1,"Electricity Net Generation, Electric Power Sector",Billion Kilowatthours
ELEGPUS,202001,326.217,1,"Electricity Net Generation, Electric Power Sector",Billion Kilowatthours
ELEGPUS,202002,304.885,1,"Electricity Net Generation, Electric Power Sector",Billion Kilowatthours
ELEGPUS,202003,294.084,1,"Electricity Net Generation, Electric Power Sector",Billion Kilowatthours
ELEGPUS,202004,264.054,1,"Electricity Net Generation, Electric Power Sector",Billion Kilowatthours
ELEGPUS,202005,291.979,1,"Electricity Net Generation, Electric Power Sector",Billion Kilowatthours
ELEGPUS,202006,340.019,1,"Electricity Net Generation, Electric Power Sector",Billion Kilowatthours
ELEGPUS,202007,400.737,1,"Electricity Net Generation, Electric Power Sector",Billion Kilowatthours
ELEGPUS,202008,386.013,1,"Electricity Net Generation, Electric Power Sector",Billion Kilowatthours
ELEGPUS,202009,321.755,1,"Electricity Net Generation, Electric Power Sector",Billion Kilowatthours
ELEGPUS,202010,301.722,1,"Electricity Net Generation, Electric Power Sector",Billion Kilowatthours
ELEGPUS,202011,290.11,1,"Electricity Net Generation, Electric Power Sector",Billion Kilowatthours
ELEGPUS,202012,331.059,1,"Electricity Net Generation, Electric Power Sector",Billion Kilowatthours
ELEGPUS,202013,3852.634,1,"Electricity Net Generation, Electric Power Sector",Billion Kilowatthours
ELEGPUS,202101,337.092,1,"Electricity Net Generation, Electric Power Sector",Billion Kilowatthours
ELEGPUS,202102,315.905,1,"Electricity Net Generation, Electric Power Sector",Billion Kilowatthours
ELEGPUS,202103,298.757,1,"Electricity Net Generation, Electric Power Sector",Billion Kilowatthours
ELEGPUS,202104,280.877,1,"Electricity Net Generation, Electric Power Sector",Billion Kilowatthours
ELEGPUS,202105,305.324,1,"Electricity Net Generation, Electric Power Sector",Billion Kilowatthours
ELEGPUS,202106,361.556,1,"Electricity Net Generation, Electric Power Sector",Billion Kilowatthours
